{"cameraMode":{"drawMode":0,"name":"Shaded","section":"Shading Mode"},"sceneLighting":false,"audioPlay":false,"sceneViewState":{"showFog":true,"showMaterialUpdate":false,"showSkybox":false,"showFlares":true,"showImageEffects":true,"showParticleSystems":true},"in2DMode":false,"pivot":{"x":-0.28938964009284975,"y":1.3552967309951783,"z":-0.7024266719818115},"rotation":{"x":0.00019798525318037719,"y":0.9997922778129578,"z":0.011998079717159272,"w":-0.01649807021021843},"size":3.019977331161499,"orthographic":false}